name,url,http_status,body_snippet
mars-steg (Arithmetic+CoinFlip),https://anonymous.4open.science/r/mars-steg-A81C/,401,"{""error"":""not_connected""}"
neurips_encoded_rl (ToM),https://anonymous.4open.science/r/neurips_encoded_rl-06F5/,401,"{""error"":""not_connected""}"
mars-steg API files,https://anonymous.4open.science/api/repo/mars-steg-A81C/files,410,"{""error"":""repository_expired""}"
neurips_encoded_rl API files,https://anonymous.4open.science/api/repo/neurips_encoded_rl-06F5/files,410,"{""error"":""repository_expired""}"
"TinyZero (dependency, expect alive)",https://github.com/Jiayi-Pan/TinyZero,200,"<!DOCTYPE html>
<html
  lang=""en""
  
  data-color-mode=""auto"" data-light-theme=""light"" data-dark-theme=""dark""
  data-a11y-animated-images=""system"" data-a11y-link-underlines=""true""
  
  >




  <head>
"
